round,primary_pid,window_handle,t_window_ms,secondary_pid,t_secondary_ms,secondary_exitcode,foreground_activated,window_close_ok,log_forward_ok,tray_ok,t_tray_ms,primary_exited,residual,formal_unchanged,log_tray_seq_ok,cleanup_status,log_path,result
1,8452,189073794,1657,52512,426,0,TRUE,True,TRUE,True,3522,TRUE,0,True,TRUE,Deleted,"C:\Users\李佳茂\AppData\Local\Temp\as-ui3-round-1-bdaf1e603c70455384e0b37f677a35a2\logs\autoshutdown-2026-08-22.log",PASS
2,18784,60624042,1641,1404,451,0,TRUE,True,TRUE,True,3408,TRUE,0,True,TRUE,Deleted,"C:\Users\李佳茂\AppData\Local\Temp\as-ui3-round-2-f652feaf0bf641c585d0a831a7fac834\logs\autoshutdown-2026-08-22.log",PASS
3,30372,41879990,1644,34556,429,0,TRUE,True,TRUE,True,3400,TRUE,0,True,TRUE,Deleted,"C:\Users\李佳茂\AppData\Local\Temp\as-ui3-round-3-1834703abcd14bfb90af1861d7f4131c\logs\autoshutdown-2026-08-22.log",PASS
4,39360,61541546,1643,29548,426,0,TRUE,False,TRUE,True,3446,TRUE,0,True,TRUE,Deleted,"C:\Users\李佳茂\AppData\Local\Temp\as-ui3-round-4-8bab4303e2bb49b0ab4fbe1ee3e459ec\logs\autoshutdown-2026-08-22.log",FAIL
5,38572,63768884,1622,9364,433,0,TRUE,True,TRUE,True,3406,TRUE,0,True,TRUE,Deleted,"C:\Users\李佳茂\AppData\Local\Temp\as-ui3-round-5-c9b4b8523d0d454c8087228c71ca0996\logs\autoshutdown-2026-08-22.log",PASS
6,5940,51319588,1644,45452,431,0,TRUE,True,TRUE,True,3403,TRUE,0,True,TRUE,Deleted,"C:\Users\李佳茂\AppData\Local\Temp\as-ui3-round-6-7bc57995af1c4a0bb312682f0f3c552e\logs\autoshutdown-2026-08-22.log",PASS
7,42468,168825566,1640,17924,423,0,TRUE,True,TRUE,True,3425,TRUE,0,True,TRUE,Deleted,"C:\Users\李佳茂\AppData\Local\Temp\as-ui3-round-7-bbbf9be60c08415e9b302c1773163217\logs\autoshutdown-2026-08-22.log",PASS
8,38676,67438858,1639,37900,433,0,TRUE,True,TRUE,True,3408,TRUE,0,True,TRUE,Deleted,"C:\Users\李佳茂\AppData\Local\Temp\as-ui3-round-8-1e784962ea0e42ee86bd973e59fc7b92\logs\autoshutdown-2026-08-22.log",PASS
9,5704,32772970,1642,24804,439,0,TRUE,True,TRUE,True,3408,TRUE,0,True,TRUE,Deleted,"C:\Users\李佳茂\AppData\Local\Temp\as-ui3-round-9-a642780a3339449b85d39088fd9400df\logs\autoshutdown-2026-08-22.log",PASS
10,34344,84349694,1657,51652,430,0,TRUE,True,TRUE,True,3400,TRUE,0,True,TRUE,Deleted,"C:\Users\李佳茂\AppData\Local\Temp\as-ui3-round-10-d9fc223569b1469a99c1ae1d858538f7\logs\autoshutdown-2026-08-22.log",PASS
11,51812,44700172,1640,42668,443,0,TRUE,True,TRUE,True,3404,TRUE,0,True,TRUE,Deleted,"C:\Users\李佳茂\AppData\Local\Temp\as-ui3-round-11-4b5cad6052ad44c39ac7fbdadd32e014\logs\autoshutdown-2026-08-22.log",PASS
12,35748,54072072,1483,26896,414,0,TRUE,True,TRUE,True,3391,TRUE,0,True,TRUE,Deleted,"C:\Users\李佳茂\AppData\Local\Temp\as-ui3-round-12-6fe0bbe5496f4bae865251d99fe6da04\logs\autoshutdown-2026-08-22.log",PASS
13,24104,20779514,1499,4132,435,0,TRUE,False,TRUE,True,3434,TRUE,0,True,TRUE,Deleted,"C:\Users\李佳茂\AppData\Local\Temp\as-ui3-round-13-6d6b5ce3dfb64c0e98017ee8151023a6\logs\autoshutdown-2026-08-22.log",FAIL
14,53972,118362100,1628,35604,441,0,TRUE,True,TRUE,True,3390,TRUE,0,True,TRUE,Deleted,"C:\Users\李佳茂\AppData\Local\Temp\as-ui3-round-14-aede59f3dede433e8fab4bb1887f58a4\logs\autoshutdown-2026-08-22.log",PASS
15,21024,52563134,1626,23304,430,0,TRUE,True,TRUE,True,3413,TRUE,0,True,TRUE,Deleted,"C:\Users\李佳茂\AppData\Local\Temp\as-ui3-round-15-006764a7a9034f16a8ef0f4553227337\logs\autoshutdown-2026-08-22.log",PASS
16,26388,26350194,1644,39848,439,0,TRUE,True,TRUE,True,3412,TRUE,0,True,TRUE,Deleted,"C:\Users\李佳茂\AppData\Local\Temp\as-ui3-round-16-151085c49dc84464aa206bc58d61f945\logs\autoshutdown-2026-08-22.log",PASS
17,1812,21172730,1626,25444,421,0,TRUE,True,TRUE,True,3382,TRUE,0,True,TRUE,Deleted,"C:\Users\李佳茂\AppData\Local\Temp\as-ui3-round-17-cd29e59d820242cb8e47e7544f8f2339\logs\autoshutdown-2026-08-22.log",PASS
18,27868,53809494,1782,17000,441,0,TRUE,True,TRUE,True,3442,TRUE,0,True,TRUE,Deleted,"C:\Users\李佳茂\AppData\Local\Temp\as-ui3-round-18-779d3c3beb164777a0bba696b0c0ec08\logs\autoshutdown-2026-08-22.log",PASS
19,30444,45027964,1752,46780,435,0,TRUE,True,TRUE,True,3396,TRUE,0,True,TRUE,Deleted,"C:\Users\李佳茂\AppData\Local\Temp\as-ui3-round-19-3eab6e76f3a34bc7951670fcdcd28c92\logs\autoshutdown-2026-08-22.log",PASS
20,37512,53285516,1621,31848,420,0,TRUE,True,TRUE,True,3386,TRUE,0,True,TRUE,Deleted,"C:\Users\李佳茂\AppData\Local\Temp\as-ui3-round-20-c3735cf90b5d49aab0b66e6d1259c01e\logs\autoshutdown-2026-08-22.log",PASS
21,42352,21631482,1596,15012,415,0,TRUE,True,TRUE,True,3386,TRUE,0,True,TRUE,Deleted,"C:\Users\李佳茂\AppData\Local\Temp\as-ui3-round-21-9606f2b49f9a47d9b1d8c13bfab4ae9c\logs\autoshutdown-2026-08-22.log",PASS
22,54068,109580522,1598,43408,402,0,TRUE,True,TRUE,True,3387,TRUE,0,True,TRUE,Deleted,"C:\Users\李佳茂\AppData\Local\Temp\as-ui3-round-22-ed551f4e5ce34d15b3ce5b2504e21589\logs\autoshutdown-2026-08-22.log",PASS
23,49508,47190248,1613,1916,401,0,TRUE,True,TRUE,True,3390,TRUE,0,True,TRUE,Deleted,"C:\Users\李佳茂\AppData\Local\Temp\as-ui3-round-23-9d25a872e65c447a8324ec1fe89f490e\logs\autoshutdown-2026-08-22.log",PASS
24,3744,68358862,1608,21944,391,0,TRUE,True,TRUE,True,3389,TRUE,0,True,TRUE,Deleted,"C:\Users\李佳茂\AppData\Local\Temp\as-ui3-round-24-7ae2bfeed89e472f84f6a523a676a9b1\logs\autoshutdown-2026-08-22.log",PASS
25,3476,45945468,1594,39840,424,0,TRUE,True,TRUE,True,3379,TRUE,0,True,TRUE,Deleted,"C:\Users\李佳茂\AppData\Local\Temp\as-ui3-round-25-f6294a594f5346bcb0436883f8f7790a\logs\autoshutdown-2026-08-22.log",PASS
26,44864,176228884,1607,30876,397,0,TRUE,True,TRUE,True,3374,TRUE,0,True,TRUE,Deleted,"C:\Users\李佳茂\AppData\Local\Temp\as-ui3-round-26-dcbedd9d122a4a88924f90761d3b68c5\logs\autoshutdown-2026-08-22.log",PASS
27,48612,22876666,1609,28712,414,0,TRUE,True,TRUE,True,3393,TRUE,0,True,TRUE,Deleted,"C:\Users\李佳茂\AppData\Local\Temp\as-ui3-round-27-3d835526f98e4e43945560fae94c850e\logs\autoshutdown-2026-08-22.log",PASS
28,51892,246417672,1610,33004,418,0,TRUE,True,TRUE,True,3377,TRUE,0,True,TRUE,Deleted,"C:\Users\李佳茂\AppData\Local\Temp\as-ui3-round-28-3b27c82067164d97b0e929d1375c7013\logs\autoshutdown-2026-08-22.log",PASS
29,49588,49220022,1630,47168,407,0,TRUE,True,TRUE,True,3399,TRUE,0,True,TRUE,Deleted,"C:\Users\李佳茂\AppData\Local\Temp\as-ui3-round-29-c358e6291cd74dc3830c85fd50ac5752\logs\autoshutdown-2026-08-22.log",PASS
30,29812,70914766,1629,22624,398,0,TRUE,True,TRUE,True,3406,TRUE,0,True,TRUE,Deleted,"C:\Users\李佳茂\AppData\Local\Temp\as-ui3-round-30-d992beb2e72f4c29a1c1042aa45bdfef\logs\autoshutdown-2026-08-22.log",PASS
